{"aAcc": 95.87, "mIoU": 66.46, "mAcc": 72.66, "data_time": 0.13414762236855246, "time": 0.18516607718034225}